Tiêu Ngọc Linh;1960/08/14;Phường 07,Quận 10, Thành phố Hồ Chí Minh;22457841
Tiêu Ngọc Linh;1960/08/14;Phường 15,Quận 10, Thành phố Hồ Chí Minh;22457841
Tô Linh Sĩ;1982/02/10;Phường Long Toàn, Thành phố Bà Rịa, Tỉnh Bà Rịa - Vũng Tàu;273112924
Tô Linh Sỹ;1982/01/01;Phường Long Toàn, Thành phố Bà Rịa, Tỉnh Bà Rịa - Vũng Tàu;273112924
Nguyễn Văn An;2002/12/08;Hà Nội;012345
Nguyễn Văn An;2002/12/08;Hà Nội;012345
Trần Thị Hạ;1978/05/20;Phường 7, Quận 3, Thành phố Hồ Chí Minh;56789012
Trần Thị Hạ;1978/05/20;Phường 12, Quận 3, Thành phố Hồ Chí Minh;56789012
Phạm Văn Đức;1995/09/14;Phường 4, Quận Tân Bình, Thành phố Hồ Chí Minh;89101112
Phạm Văn Đức;1995/09/14;Phường 6, Quận Tân Bình, Thành phố Hồ Chí Minh;89101112
Lê Minh Trí;1987/06/03;Phường 9, Quận 5, Thành phố Hồ Chí Minh;13141516
Nguyễn Thị Kim Ngân;1970/03/26;Thành phố Hải Phòng;17181920
Phạm Thị Ngọc Ánh;1999/11/02;Thị xã Hòa Thành, Tỉnh Tây Ninh;21222324
Trần Thanh Tùng;1980/12/31;Phường Hưng Dũng, Thành phố Vĩnh Yên, Tỉnh Vĩnh Phúc;25262728
Lê Thị Thu;1992/08/15;Thành phố Đà Lạt, Tỉnh Lâm Đồng;29303132
Vũ Thị Minh Châu;1975/07/07;Thành phố Hạ Long, Tỉnh Quảng Ninh;33343536
Trần Ngọc Trân;1989/04/18;Thị xã Sa Đéc, Tỉnh Đồng Tháp;37383940
Phạm Thị Lan Anh;2000/02/27;Phường Trường Thọ, Quận Thủ Đức, Thành phố Hồ Chí Minh;41424344
Nguyễn Thành Long;1998/11/05;Phường 1, Quận 10, Thành phố Hồ Chí Minh;45464748
Nguyễn Văn Anh;1976/07/12;Thành phố Thái Nguyên, Tỉnh Thái Nguyên;49505152
Hoàng Thị Thu;1995/03/02;Thị xã Thuận An, Tỉnh Bình Dương;53545556
Lê Thị Mỹ Linh;1999/09/23;Phường Linh Đông, Quận Thủ Đức, Thành phố Hồ Chí Minh;57585960
Nguyễn Thị Thanh Tâm;1988/04/29;Thị xã Duyên Hải, Tỉnh Trà Vinh;61626364
Đỗ Văn Đức;2001/01/15;Thị xã Bến Cát, Tỉnh Bình Dương;65666768
Trần Ngọc Mai;1990/12/23;Thành phố Bắc Giang, Tỉnh Bắc Giang;12345678
Nguyễn Thị Thúy Hằng;1985/09/10;Thành phố Bắc Ninh, Tỉnh Bắc Ninh;23456789
Nguyễn Văn Hùng;1972/05/31;Phường Thảo Điền, Quận 2, Thành phố Hồ Chí Minh;34567890
Phạm Thị Tươi;1999/08/18;Thành phố Pleiku, Tỉnh Gia Lai;45678901
Ngô Thị Lan Anh;1996/11/11;Thành phố Vĩnh Yên, Tỉnh Vĩnh Phúc;56789012
Nguyễn Quang Huy;1988/06/04;Phường 12, Quận 10, Thành phố Hồ Chí Minh;67890123
Đỗ Thị Lan;1975/03/07;Thành phố Hải Dương, Tỉnh Hải Dương;78901234
Trần Ngọc Mai;1990/12/23;Thành phố Hải Phòng;12345678
Lê Thị Hoài;1982/04/30;Thành phố Hạ Long, Tỉnh Quảng Ninh;89012345
Nguyễn Văn Hùng;1972/05/31;Phường Bình Trưng Đông, Quận 2, Thành phố Hồ Chí Minh;34567890
